ticker,company_name,month,monthly_return,average_volatility,average_volume,FEDFUNDS,VIXCLS,log_average_volume,cluster
AAPL,Apple Inc.,2023-02,0.015162874134188042,0.24558338795139262,68799942.10526316,4.57,20.1205,18.046713475944845,0
AAPL,Apple Inc.,2023-03,0.13481506392932774,0.23622354487712924,66098547.82608695,4.65,21.644347826086957,18.006657350361355,0
AAPL,Apple Inc.,2023-04,0.021122878523098354,0.19015138534017426,51040863.15789474,4.83,17.817894736842106,17.748137127850715,2
AAPL,Apple Inc.,2023-05,0.046613611444608294,0.21946129770685519,57971122.72727273,5.06,17.63608695652174,17.87545557776272,2
AAPL,Apple Inc.,2023-06,0.07707261131042786,0.14598639515766654,61780157.14285714,5.08,14.003181818181817,17.939092805225748,2
AAPL,Apple Inc.,2023-07,0.020731540645791968,0.14806080448227207,49805700.0,5.12,13.932380952380951,17.723640013354434,2
AAPL,Apple Inc.,2023-08,-0.038271705131296074,0.21570042321364002,57506860.86956522,5.33,15.85391304347826,17.867414835509507,2
AAPL,Apple Inc.,2023-09,-0.09632638367602064,0.24994971795353726,66891150.0,5.33,15.173333333333332,18.018577244301905,2
AAPL,Apple Inc.,2023-10,-0.01715105255706373,0.17365441616024088,53309859.09090909,5.33,18.887727272727272,17.791631864351853,2
AAPL,Apple Inc.,2023-11,0.09329342873559154,0.18230964542251926,52364361.9047619,5.33,14.01909090909091,17.773736820682867,2
AAPL,Apple Inc.,2023-12,0.00674559729081925,0.14200329014769406,53159060.0,5.33,12.7185,17.78879912799643,2
AAPL,Apple Inc.,2024-01,-0.006679505752817061,0.20354441802519366,56547180.952380955,5.33,13.388636363636364,17.850585926435564,2
AAPL,Apple Inc.,2024-02,-0.03146397581763849,0.17347263886494885,58077675.0,5.33,13.980476190476189,17.877291913906138,2
AAPL,Apple Inc.,2024-03,-0.04553056123179455,0.18687328453996918,71657590.0,5.33,13.7875,18.08740965219536,2
AAPL,Apple Inc.,2024-04,0.0017644352896122317,0.23926091769267302,56642913.63636363,5.33,16.137727272727275,17.852277465001116,2
AAPL,Apple Inc.,2024-05,0.13709838635382954,0.2789633468221415,60750513.63636363,5.33,13.058695652173913,17.92228611152952,1
AAPL,Apple Inc.,2024-06,0.0855022518106181,0.26233543866803705,90418531.57894737,5.33,12.667,18.319959810755748,2
AAPL,Apple Inc.,2024-07,0.024590543419432453,0.2785297739311383,52413627.27272727,5.33,14.373913043478263,17.774677197016526,2
AAPL,Apple Inc.,2024-08,0.049940715594005036,0.25240133300500367,51030318.18181818,5.33,19.312272727272727,17.74793050780833,2
AAPL,Apple Inc.,2024-09,0.04592173752942208,0.19001761704485415,61604885.0,5.13,17.663333333333334,17.936251743540044,2
AAPL,Apple Inc.,2024-10,-0.0013261663896401155,0.22761170960740862,40466782.60869565,4.83,19.960869565217394,17.515992037753357,2
AAPL,Apple Inc.,2024-11,0.06586112282572287,0.17465331750856944,44579415.0,4.64,16.015238095238097,17.612782785791328,2
AAPL,Apple Inc.,2024-12,0.045202350172768746,0.1331114870877113,46567433.333333336,4.48,15.866190476190477,17.656412020748895,2
AAPL,Apple Inc.,2025-01,-0.032191947617491,0.2382401292510278,60008820.0,4.33,16.763636363636365,17.91000212604715,0
AAPL,Apple Inc.,2025-02,0.06182139424982447,0.2962842700294686,45382752.631578945,4.33,16.968,17.630642714884015,0
AAPL,Apple Inc.,2025-03,-0.06679827256146631,0.2784062382359786,53106642.85714286,4.33,21.841428571428573,17.787812598105553,0
AAPL,Apple Inc.,2025-04,-0.04789636855441759,0.693536680471819,76538980.95238096,4.33,31.966190476190473,18.153310737016056,0
AAPL,Apple Inc.,2025-05,-0.05722207920521538,0.4374906799288643,56939438.0952381,4.33,20.46227272727273,17.85749878896196,0
AAPL,Apple Inc.,2025-06,0.01720374426436777,0.23048579498308758,55020465.0,4.33,18.403333333333336,17.823215783072236,0
AAPL,Apple Inc.,2025-07,-0.0012027977265302026,0.1686837748260536,49087981.81818182,4.33,16.381304347826084,17.709124813688263,2
AAPL,Apple Inc.,2025-08,0.14835188209374084,0.26835604423843246,58003766.666666664,4.33,15.75,17.876018526171013,1
AAPL,Apple Inc.,2025-09,0.10843640661642473,0.25608275818495807,60263638.0952381,4.22,15.789090909090909,17.91423947974078,1
AAPL,Apple Inc.,2025-10,0.05840669627341466,0.24591045426784017,47701834.782608695,4.09,18.086521739130436,17.68048044112657,0
AAPL,Apple Inc.,2025-11,0.03742913922636992,0.1860907498794452,46188326.315789476,3.88,19.7695,17.648237668626795,0
AAPL,Apple Inc.,2025-12,-0.03970335932560776,0.14632163958359087,42024036.36363637,3.72,15.548181818181819,17.55375233071787,0
AAPL,Apple Inc.,2026-01,-0.04254450705483803,0.13890723463014173,52000865.0,3.64,16.17904761904762,17.76677093025318,0
AAPL,Apple Inc.,2026-02,-0.020676277957442202,0.2936661041324212,52048473.684210524,3.64,19.207,17.767686047777616,0
AAPL,Apple Inc.,2026-03,-0.04128890329965529,0.24221352885095795,40910713.63636363,3.64,25.596818181818183,17.52690255825371,0
AAPL,Apple Inc.,2026-04,0.06149521193278806,0.22726596880023817,43216119.047619045,3.64,19.811904761904763,17.58172413286191,0
ADBE,Adobe Inc.,2023-02,-0.15620441530327078,0.32794219258620283,3024552.6315789474,4.57,20.1205,14.922274078750446,2
ADBE,Adobe Inc.,2023-03,0.19169394921878102,0.3944539962121091,3601321.7391304346,4.65,21.644347826086957,15.096811763477604,2
ADBE,Adobe Inc.,2023-04,-0.00663015444827364,0.2545818962157632,2057810.5263157894,4.83,17.817894736842106,14.537153610189037,2
ADBE,Adobe Inc.,2023-05,0.11663775320149106,0.36045037394986323,3927927.272727273,5.06,17.63608695652174,15.183622687782455,2
ADBE,Adobe Inc.,2023-06,0.14584649146895146,0.39991422995018877,5171376.19047619,5.08,14.003181818181817,15.458649592148051,2
ADBE,Adobe Inc.,2023-07,0.1256363070188795,0.2421180747799528,3058340.0,5.12,13.932380952380951,14.933383170045646,2
ADBE,Adobe Inc.,2023-08,0.018648792068519437,0.2762335757243849,2226317.3913043477,5.33,15.85391304347826,14.615859833520366,2
ADBE,Adobe Inc.,2023-09,-0.09465390528643691,0.2932973263938773,3146890.0,5.33,15.173333333333332,14.961925539285275,2
ADBE,Adobe Inc.,2023-10,0.020973639156008916,0.2941804199695223,2537390.909090909,5.33,18.887727272727272,14.746647304022288,2
ADBE,Adobe Inc.,2023-11,0.12214877826561055,0.2944683514044336,2519966.6666666665,5.33,14.01909090909091,14.739756628717462,2
ADBE,Adobe Inc.,2023-12,-0.025911466482133827,0.264095582051033,3541735.0,5.33,12.7185,15.080127560385616,2
ADBE,Adobe Inc.,2024-01,0.06500943247627511,0.2623120166306034,2635423.8095238097,5.33,13.388636363636364,14.78455494499897,2
ADBE,Adobe Inc.,2024-02,-0.1077064336292829,0.3179392083988969,3561125.0,5.33,13.980476190476189,15.085587344953233,2
ADBE,Adobe Inc.,2024-03,-0.11617884403199152,0.4876297663229191,4900335.0,5.33,13.7875,15.404814332158514,2
ADBE,Adobe Inc.,2024-04,-0.07819317264230907,0.3489666831042116,2952327.272727273,5.33,16.137727272727275,14.898104662018248,2
ADBE,Adobe Inc.,2024-05,-0.052472366505835866,0.20382584557391814,2890518.1818181816,5.33,13.058695652173913,14.876946691641853,2
ADBE,Adobe Inc.,2024-06,0.26540930237698857,0.44961962062559807,4842526.315789473,5.33,12.667,15.392947315091876,1
ADBE,Adobe Inc.,2024-07,-0.014928278433918196,0.3567802680110257,2337300.0,5.33,14.373913043478263,14.664507402831061,2
ADBE,Adobe Inc.,2024-08,0.05124357419551284,0.2740533855608881,1876100.0,5.33,19.312272727272727,14.444706245052188,2
ADBE,Adobe Inc.,2024-09,-0.09326833633339493,0.2970443637889094,3576180.0,5.13,17.663333333333334,15.089806029207162,2
ADBE,Adobe Inc.,2024-10,-0.049164681425731604,0.3030755818841559,2652782.6086956523,4.83,19.960869565217394,14.791120065034773,2
ADBE,Adobe Inc.,2024-11,0.06862055865879424,0.27402501414389396,2680000.0,4.64,16.015238095238097,14.801327725621299,2
ADBE,Adobe Inc.,2024-12,-0.13855098380463726,0.46507012622204186,5030666.666666667,4.48,15.866190476190477,15.43106327017902,2
ADBE,Adobe Inc.,2025-01,-0.008049858940972099,0.3232708786538042,4002935.0,4.33,16.763636363636365,15.202538649837908,2
ADBE,Adobe Inc.,2025-02,-9.12187514024998e-05,0.20873211668965083,2917031.5789473685,4.33,16.968,14.886077417435885,2
ADBE,Adobe Inc.,2025-03,-0.12976493529452215,0.42736968843570705,4488171.428571428,4.33,21.841428571428573,15.316956145360063,0
ADBE,Adobe Inc.,2025-04,-0.021450941959422876,0.4895664468736679,4269471.428571428,4.33,31.966190476190473,15.267000824543734,0
ADBE,Adobe Inc.,2025-05,0.10799986901138459,0.23415779897948027,2718204.761904762,4.33,20.46227272727273,14.815482574251252,2
ADBE,Adobe Inc.,2025-06,-0.0409518821606899,0.2667811057690831,4548705.0,4.33,18.403333333333336,15.330353354874639,2
ADBE,Adobe Inc.,2025-07,-0.0877582329162857,0.2587579011540697,3439622.727272727,4.33,16.381304347826084,15.050872641760211,2
ADBE,Adobe Inc.,2025-08,0.025589490300270912,0.25646514523849356,3617228.5714285714,4.33,15.75,15.101218979041345,2
ADBE,Adobe Inc.,2025-09,0.02060004923357739,0.2579666163716189,5695476.19047619,4.22,15.789090909090909,15.555182942481531,2
ADBE,Adobe Inc.,2025-10,-0.009920876440122517,0.26397011441411317,3831539.1304347827,4.09,18.086521739130436,15.158777403156037,0
ADBE,Adobe Inc.,2025-11,-0.05138233405982173,0.3027420787746337,3476363.1578947366,3.88,19.7695,15.061497523371115,0
ADBE,Adobe Inc.,2025-12,0.08406375597885996,0.27567728825972065,4307095.454545454,3.72,15.548181818181819,15.275774558618423,0
ADBE,Adobe Inc.,2026-01,-0.12016198397776734,0.2860729025008406,5023130.0,3.64,16.17904761904762,15.429564002423957,0
ADBE,Adobe Inc.,2026-02,-0.10556275378437519,0.3844020913722903,6277605.263157895,3.64,19.207,15.652499297494325,0
ADBE,Adobe Inc.,2026-03,-0.06823061453005408,0.38991024454730644,6428200.0,3.64,25.596818181818183,15.676205274796834,0
ADBE,Adobe Inc.,2026-04,0.01959651606253554,0.4083116557333377,5262195.238095238,3.64,19.811904761904763,15.476059033329644,0
AMD,"Advanced Micro Devices, Inc.",2023-02,-0.07159732516887152,0.6643378039359746,60306321.05263158,4.57,20.1205,17.91494749952896,0
AMD,"Advanced Micro Devices, Inc.",2023-03,0.25188403359428313,0.43599847428851785,72003604.3478261,4.65,21.644347826086957,18.092226750002016,1
AMD,"Advanced Micro Devices, Inc.",2023-04,-0.07446142288527668,0.3495554307965958,47135221.05263158,4.83,17.817894736842106,17.668531093793792,2
AMD,"Advanced Micro Devices, Inc.",2023-05,0.3179841216048387,0.533424156630489,80159177.27272727,5.06,17.63608695652174,18.199524944159553,1
AMD,"Advanced Micro Devices, Inc.",2023-06,-0.046538859142743916,0.5933044556713154,73475457.14285715,5.08,14.003181818181817,18.112462005606837,1
AMD,"Advanced Micro Devices, Inc.",2023-07,-0.01226038829810816,0.3566300071849479,57098840.0,5.12,13.932380952380951,17.860294376696945,2
AMD,"Advanced Micro Devices, Inc.",2023-08,-0.10102038611873165,0.4535164107554149,68323417.39130434,5.33,15.85391304347826,18.039763141194406,2
AMD,"Advanced Micro Devices, Inc.",2023-09,-0.06057558189383272,0.40505590356431115,52224530.0,5.33,15.173333333333332,17.771062884993196,2
AMD,"Advanced Micro Devices, Inc.",2023-10,-0.04618956907254501,0.3884460384625,52772277.27272727,5.33,18.887727272727272,17.781496578085054,2
AMD,"Advanced Micro Devices, Inc.",2023-11,0.12143652939099936,0.47702176572657135,53159414.28571428,5.33,14.01909090909091,17.788805792608766,1
AMD,"Advanced Micro Devices, Inc.",2023-12,0.2143504770021425,0.41020051568175553,64009775.0,5.33,12.7185,17.974546379658854,1
AMD,"Advanced Micro Devices, Inc.",2024-01,0.21005917322645207,0.49660243526733117,93167147.61904761,5.33,13.388636363636364,18.34990573489097,1
AMD,"Advanced Micro Devices, Inc.",2024-02,0.1293407062667815,0.5200139781552271,63570965.0,5.33,13.980476190476189,17.967667414644232,1
AMD,"Advanced Micro Devices, Inc.",2024-03,-0.10930711588630138,0.5952943731560854,76405885.0,5.33,13.7875,18.151570293053993,1
AMD,"Advanced Micro Devices, Inc.",2024-04,-0.1361404600940297,0.4443964639053005,56505304.54545455,5.33,16.137727272727275,17.84984509516739,2
AMD,"Advanced Micro Devices, Inc.",2024-05,0.15685859120989276,0.4770594644461349,50882322.72727273,5.33,13.058695652173913,17.745026146693686,1
AMD,"Advanced Micro Devices, Inc.",2024-06,-0.008193190540427997,0.3661263852846912,50481994.7368421,5.33,12.667,17.737127310614667,2
AMD,"Advanced Micro Devices, Inc.",2024-07,-0.0837719989177862,0.47031635167151714,56518077.27272727,5.33,14.373913043478263,17.85007111436617,2
AMD,"Advanced Micro Devices, Inc.",2024-08,0.12086920992878203,0.5669716324829163,50089777.27272727,5.33,19.312272727272727,17.729327518746388,1
AMD,"Advanced Micro Devices, Inc.",2024-09,0.19818897988745898,0.5045524748109613,32997435.0,5.13,17.663333333333334,17.311940419442493,1
AMD,"Advanced Micro Devices, Inc.",2024-10,-0.09815331878423317,0.3979589907866369,39164717.39130435,4.83,19.960869565217394,17.483286858442405,0
AMD,"Advanced Micro Devices, Inc.",2024-11,-0.032990327889712456,0.48626157290400507,30576835.0,4.64,16.015238095238097,17.235753286794328,0
AMD,"Advanced Micro Devices, Inc.",2024-12,-0.14972544705481516,0.34660877456378997,38778238.0952381,4.48,15.866190476190477,17.473369799198526,0
AMD,"Advanced Micro Devices, Inc.",2025-01,-0.03879632273674072,0.406121657357761,38954420.0,4.33,16.763636363636365,17.477902828332823,0
AMD,"Advanced Micro Devices, Inc.",2025-02,-0.12610480840150795,0.4410712128316722,42027347.368421055,4.33,16.968,17.553831115969476,0
AMD,"Advanced Micro Devices, Inc.",2025-03,0.045912596484886325,0.41391474386569255,34346390.47619048,4.33,21.841428571428573,17.352007519475034,0
AMD,"Advanced Micro Devices, Inc.",2025-04,-0.052831293730950635,0.9724132393288765,44588700.0,4.33,31.966190476190473,17.612991044086915,0
AMD,"Advanced Micro Devices, Inc.",2025-05,0.14568030635037954,0.5594066511352374,43340138.0952381,4.33,20.46227272727273,17.584589763463693,1
AMD,"Advanced Micro Devices, Inc.",2025-06,0.23789581520079217,0.42839887808611526,53789185.0,4.33,18.403333333333336,17.800583001210587,1
AMD,"Advanced Micro Devices, Inc.",2025-07,0.2953493260449289,0.445954584203556,53922800.0,4.33,16.381304347826084,17.803063970548486,1
AMD,"Advanced Micro Devices, Inc.",2025-08,-0.052824648961198206,0.47219620095144244,62179761.9047619,4.33,15.75,17.945540149541003,0
AMD,"Advanced Micro Devices, Inc.",2025-09,-0.003265241585575396,0.3910856487163466,43597861.9047619,4.22,15.789090909090909,17.590518691172115,0
AMD,"Advanced Micro Devices, Inc.",2025-10,0.5616121193547898,0.9173916829416209,76509886.95652173,4.09,18.086521739130436,18.15293054477776,1
AMD,"Advanced Micro Devices, Inc.",2025-11,-0.16221835589173794,0.6583473784219365,55303552.631578945,3.88,19.7695,17.828347725396792,0
AMD,"Advanced Micro Devices, Inc.",2025-12,-0.025482303352316382,0.5186442975598221,27272522.727272727,3.72,15.548181818181819,17.12139029646092,0
AMD,"Advanced Micro Devices, Inc.",2026-01,0.059336798829387805,0.4349073076137282,37982660.0,3.64,16.17904761904762,17.452640324085255,0
AMD,"Advanced Micro Devices, Inc.",2026-02,-0.18703048182691084,0.8075100775169214,43216747.368421055,3.64,19.207,17.581738671794,0
AMD,"Advanced Micro Devices, Inc.",2026-03,0.024217086279535005,0.5844150003364836,34129340.90909091,3.64,25.596818181818183,17.345668038806892,0
AMD,"Advanced Micro Devices, Inc.",2026-04,0.6863611574728612,0.5497099151232826,39987252.38095238,3.64,19.811904761904763,17.504071295817386,1
AVGO,Broadcom Inc.,2023-02,-0.0140358080627343,0.24251657388323436,19796947.36842105,4.57,20.1205,16.801038360979607,0
AVGO,Broadcom Inc.,2023-03,0.08859523346517761,0.2730339435311904,26201956.52173913,4.65,21.644347826086957,17.081344680510526,0
AVGO,Broadcom Inc.,2023-04,-0.0248572021368737,0.1697922214246487,16473947.368421054,4.83,17.817894736842106,16.617290804353196,2
AVGO,Broadcom Inc.,2023-05,0.26649422247665044,0.2840706699970833,31949181.818181816,5.06,17.63608695652174,17.279657161565005,1
AVGO,Broadcom Inc.,2023-06,0.10393202896521747,0.5013852182443274,35112523.809523806,5.08,14.003181818181817,17.3740684569668,1
AVGO,Broadcom Inc.,2023-07,0.02534118083800818,0.2810678270061196,24457300.0,5.12,13.932380952380951,17.012439338717193,2
AVGO,Broadcom Inc.,2023-08,0.003141337976841241,0.29338710998566053,21895173.913043477,5.33,15.85391304347826,16.901776846906596,2
AVGO,Broadcom Inc.,2023-09,-0.04288297293561949,0.3582055918281442,24013750.0,5.33,15.173333333333332,16.9941371825676,2
AVGO,Broadcom Inc.,2023-10,0.007689063737162716,0.2852873088772985,21009545.454545453,5.33,18.887727272727272,16.860487485465164,2
AVGO,Broadcom Inc.,2023-11,0.08534010002516701,0.3081433062825798,28854380.95238095,5.33,14.01909090909091,17.177772426815537,2
AVGO,Broadcom Inc.,2023-12,0.2057877903119787,0.37608610744709403,46270250.0,5.33,12.7185,17.65000978554969,1
AVGO,Broadcom Inc.,2024-01,0.0871767631975815,0.33084025373714754,27754380.95238095,5.33,13.388636363636364,17.13890429388444,2
AVGO,Broadcom Inc.,2024-02,0.08373254045056622,0.314186073019356,23988550.0,5.33,13.980476190476189,16.993087232824976,2
AVGO,Broadcom Inc.,2024-03,-0.04868294251894212,0.489703906264703,41324150.0,5.33,13.7875,17.53695765699571,2
AVGO,Broadcom Inc.,2024-04,-0.03702263765226721,0.3821677110699459,23825545.454545453,5.33,16.137727272727275,16.9862689434239,2
AVGO,Broadcom Inc.,2024-05,0.06894564101587575,0.3877593753527165,24069954.545454547,5.33,13.058695652173913,16.996474962871574,2
AVGO,Broadcom Inc.,2024-06,0.2184186974795359,0.47899971142934616,52780684.21052632,5.33,12.667,17.781655871344842,1
AVGO,Broadcom Inc.,2024-07,-0.020721569010283658,0.5242124175198425,33990600.0,5.33,14.373913043478263,17.34159460318706,2
AVGO,Broadcom Inc.,2024-08,0.10746836192732623,0.713583887964824,24088700.0,5.33,19.312272727272727,16.99725345034763,1
AVGO,Broadcom Inc.,2024-09,0.1327140838355787,0.6097221599647453,34659180.0,5.13,17.663333333333334,17.36107321242841,1
AVGO,Broadcom Inc.,2024-10,0.013733814233608532,0.37254539739869946,19137956.52173913,4.83,19.960869565217394,16.767184225742078,2
AVGO,Broadcom Inc.,2024-11,-0.040492518531950794,0.34466737077902987,18133095.0,4.64,16.015238095238097,16.713249334837116,2
AVGO,Broadcom Inc.,2024-12,0.39607943624928565,0.7383280169159937,45285304.76190476,4.48,15.866190476190477,17.628493161715056,1
AVGO,Broadcom Inc.,2025-01,-0.04616766486979007,0.7413978827310863,31896725.0,4.33,16.763636363636365,17.27801392925908,0
AVGO,Broadcom Inc.,2025-02,-0.0840490895362841,0.6759853635958221,23987784.210526317,4.33,16.968,16.993055309192027,0
AVGO,Broadcom Inc.,2025-03,-0.10371642508306134,0.6160263872595569,35806528.571428575,4.33,21.841428571428573,17.393640825003214,0
AVGO,Broadcom Inc.,2025-04,0.1421195522447869,0.8356342116496769,33858080.952380955,4.33,31.966190476190473,17.337688286649584,0
AVGO,Broadcom Inc.,2025-05,0.22672678489870468,0.49530040031789097,19128133.333333332,4.33,20.46227272727273,16.766670810959152,1
AVGO,Broadcom Inc.,2025-06,0.1109274338120041,0.3363331206512671,27060195.0,4.33,18.403333333333336,17.113574423844025,0
AVGO,Broadcom Inc.,2025-07,0.10939050810680717,0.30222324256958827,17133554.545454547,4.33,16.381304347826084,16.65654941125224,2
AVGO,Broadcom Inc.,2025-08,0.030314691735698673,0.29761717866672643,17810780.95238095,4.33,15.75,16.695314559545213,2
AVGO,Broadcom Inc.,2025-09,0.10808492499432432,0.5066282696469213,30185228.57142857,4.22,15.789090909090909,17.22286327566423,1
AVGO,Broadcom Inc.,2025-10,0.10870148212876285,0.4536191856095212,21114604.347826086,4.09,18.086521739130436,16.86547555556817,0
AVGO,Broadcom Inc.,2025-11,0.11146053392305233,0.4431210942996038,22455363.157894738,3.88,19.7695,16.927040081602257,0
AVGO,Broadcom Inc.,2025-12,-0.10183836691261772,0.5931490205240523,40153827.27272727,3.72,15.548181818181819,17.508228343070055,0
AVGO,Broadcom Inc.,2026-01,-0.04694779179001751,0.4144346611940183,25739550.0,3.64,16.17904761904762,17.063539316312667,0
AVGO,Broadcom Inc.,2026-02,-0.03491285755188367,0.4185333867502833,24816778.94736842,3.64,19.207,17.02703059311832,0
AVGO,Broadcom Inc.,2026-03,-0.027164977254687583,0.3798799187882709,29523545.454545453,3.64,25.596818181818183,17.200698687829732,0
AVGO,Broadcom Inc.,2026-04,0.33155764355888206,0.4482243567139251,21802890.476190478,3.64,19.811904761904763,16.89755315548637,1
CRM,"Salesforce, Inc.",2023-02,-0.04778270142342378,0.3367817350656077,7334684.2105263155,4.57,20.1205,15.808125052554633,0
CRM,"Salesforce, Inc.",2023-03,0.19378530064639232,0.4618621587017395,9889330.43478261,4.65,21.644347826086957,16.10696710119081,0
CRM,"Salesforce, Inc.",2023-04,0.00956792005828433,0.21791294522926838,4728810.52631579,4.83,17.817894736842106,15.369184465960945,2
CRM,"Salesforce, Inc.",2023-05,0.1293796150392843,0.2219849559907957,5985168.181818182,5.06,17.63608695652174,15.604795164213483,2
CRM,"Salesforce, Inc.",2023-06,-0.007703154668879386,0.3197023483509175,8738057.142857144,5.08,14.003181818181817,15.983198542494858,2
CRM,"Salesforce, Inc.",2023-07,0.06312283755438997,0.2687121393028443,5056325.0,5.12,13.932380952380951,15.436150690578325,2
CRM,"Salesforce, Inc.",2023-08,-0.012529363808710059,0.22718353330721364,5154708.695652174,5.33,15.85391304347826,15.45542135874602,2
CRM,"Salesforce, Inc.",2023-09,-0.08463876885607091,0.21759856257861662,4725395.0,5.33,15.173333333333332,15.368461924921968,2
CRM,"Salesforce, Inc.",2023-10,-0.014137766708190336,0.19890017715549665,4037640.909090909,5.33,18.887727272727272,15.211171393657835,2
CRM,"Salesforce, Inc.",2023-11,0.23534884504947873,0.23004739137488622,5499042.857142857,5.33,14.01909090909091,15.520084790934208,2
CRM,"Salesforce, Inc.",2023-12,0.012076591314215346,0.3832586096774037,6200925.0,5.33,12.7185,15.640209193701706,2
CRM,"Salesforce, Inc.",2024-01,0.09745043496406103,0.23838130286857367,5497866.666666667,5.33,13.388636363636364,15.519870878059102,2
CRM,"Salesforce, Inc.",2024-02,0.08816083886097537,0.22779144169868823,5820985.0,5.33,13.980476190476189,15.576980221165943,2
CRM,"Salesforce, Inc.",2024-03,-0.04830385794117664,0.30788594878553266,5994170.0,5.33,13.7875,15.606298054980343,2
CRM,"Salesforce, Inc.",2024-04,-0.11023627525438418,0.28195238391832755,5263595.454545454,5.33,16.137727272727275,15.476325087678113,2
CRM,"Salesforce, Inc.",2024-05,-0.12747036960647196,0.293210880486113,9017609.090909092,5.33,13.058695652173913,16.014689900269627,2
CRM,"Salesforce, Inc.",2024-06,0.0865523479622834,0.7756416534093011,10521100.0,5.33,12.667,16.16889341759227,1
CRM,"Salesforce, Inc.",2024-07,0.011681302468695254,0.2792080654075982,5556068.181818182,5.33,14.373913043478263,15.530401434509983,2
CRM,"Salesforce, Inc.",2024-08,-0.0006322827824346566,0.29315160831396736,5736318.181818182,5.33,19.312272727272727,15.56232830507924,2
CRM,"Salesforce, Inc.",2024-09,0.1051344642844474,0.22954026484823453,5938455.0,5.13,17.663333333333334,15.596959724890546,2
CRM,"Salesforce, Inc.",2024-10,0.07568214645732052,0.24316253123908418,4047243.4782608696,4.83,19.960869565217394,15.213546831784054,2
CRM,"Salesforce, Inc.",2024-11,0.1196726577665066,0.29033641152430073,6325545.0,4.64,16.015238095238097,15.660106912962819,2
CRM,"Salesforce, Inc.",2024-12,0.011182307989624718,0.4771403161667056,7359790.476190476,4.48,15.866190476190477,15.811542158264361,2
CRM,"Salesforce, Inc.",2025-01,0.033387986925604185,0.23819875179426267,6314240.0,4.33,16.763636363636365,15.658318116519576,2
CRM,"Salesforce, Inc.",2025-02,-0.12200792570241736,0.31167321322535124,7389584.2105263155,4.33,16.968,15.815582162868244,2
CRM,"Salesforce, Inc.",2025-03,-0.08428299461316302,0.3070889916202449,6967300.0,4.33,21.841428571428573,15.756738476753469,0
CRM,"Salesforce, Inc.",2025-04,-0.003951887175421831,0.47858680699642325,7172823.80952381,4.33,31.966190476190473,15.785810111211232,0
CRM,"Salesforce, Inc.",2025-05,-0.014703142636921851,0.3593910021094383,7431619.047619048,4.33,20.46227272727273,15.821254434328665,0
CRM,"Salesforce, Inc.",2025-06,0.04396621516251531,0.275495001063639,8686570.0,4.33,18.403333333333336,15.977288827885404,2
CRM,"Salesforce, Inc.",2025-07,-0.04994304000317906,0.2146481849133778,5852272.7272727275,4.33,16.381304347826084,15.582340815023576,2
CRM,"Salesforce, Inc.",2025-08,0.021974960700300583,0.26435084247984453,8201052.380952381,4.33,15.75,15.919773165075815,2
CRM,"Salesforce, Inc.",2025-09,-0.0610903402870997,0.3159566274965308,10496590.476190476,4.22,15.789090909090909,16.166561141111654,2
CRM,"Salesforce, Inc.",2025-10,0.10488352717733873,0.32348686944906047,9200934.782608695,4.09,18.086521739130436,16.034815752347544,0
CRM,"Salesforce, Inc.",2025-11,-0.1178541750625759,0.3419110609083048,6972900.0,3.88,19.7695,15.757541908482972,0
CRM,"Salesforce, Inc.",2025-12,0.1396194247069915,0.3126809417758381,8196286.363636363,3.72,15.548181818181819,15.919191849175332,0
CRM,"Salesforce, Inc.",2026-01,-0.1629603636334247,0.3332943107441847,9623900.0,3.64,16.17904761904762,16.0797602498007,0
CRM,"Salesforce, Inc.",2026-02,-0.07599256580189062,0.44522304830934323,15799142.105263159,3.64,19.207,16.575466262682383,0
CRM,"Salesforce, Inc.",2026-03,-0.032547267938222935,0.41423612523504433,13146100.0,3.64,25.596818181818183,16.39163577072153,0
CRM,"Salesforce, Inc.",2026-04,-0.04976642662510611,0.4244548589605111,13709614.285714285,3.64,19.811904761904763,16.433607990292433,0
MSFT,Microsoft Corporation,2023-02,-0.01070338286103134,0.3391842288150164,32394789.47368421,4.57,20.1205,17.293508179985555,0
MSFT,Microsoft Corporation,2023-03,0.17066624145258813,0.27084228243270725,32505869.56521739,4.65,21.644347826086957,17.29693126376375,0
MSFT,Microsoft Corporation,2023-04,0.06973525529528568,0.25842949881340055,29027368.42105263,4.83,17.817894736842106,17.183749716016635,2
MSFT,Microsoft Corporation,2023-05,0.07706474939006469,0.29701204585477514,27311677.272727273,5.06,17.63608695652174,17.122824944243085,2
MSFT,Microsoft Corporation,2023-06,0.023934077529592646,0.24082650365802238,26081057.14285714,5.08,14.003181818181817,17.07671986716198,2
MSFT,Microsoft Corporation,2023-07,-0.006124494371369638,0.2456411577072784,33337340.0,5.12,13.932380952380951,17.32218867805721,2
MSFT,Microsoft Corporation,2023-08,-0.023446675366273206,0.23997804399308756,20846791.304347824,5.33,15.85391304347826,16.852710648059272,2
MSFT,Microsoft Corporation,2023-09,-0.039280657833752564,0.1824739188843249,20837115.0,5.33,15.173333333333332,16.852246377557044,2
MSFT,Microsoft Corporation,2023-10,0.05068363767333817,0.22328914587935697,24588645.454545453,5.33,18.887727272727272,17.017795368128585,2
MSFT,Microsoft Corporation,2023-11,0.09711649071197592,0.23049746585054093,26852095.23809524,5.33,14.01909090909091,17.105854448053993,2
MSFT,Microsoft Corporation,2023-12,0.004085419221935949,0.17428678311028734,26104085.0,5.33,12.7185,17.07760241176412,2
MSFT,Microsoft Corporation,2024-01,0.07201988605045995,0.13858985784974148,25166247.61904762,5.33,13.388636363636364,17.041014314249505,2
MSFT,Microsoft Corporation,2024-02,0.0263136772507111,0.2012655197300139,22204560.0,5.33,13.980476190476189,16.915808276190905,2
MSFT,Microsoft Corporation,2024-03,0.012563006691629353,0.21080380013653827,21322265.0,5.33,13.7875,16.875262436792283,2
MSFT,Microsoft Corporation,2024-04,-0.08300166647180462,0.17844952945756032,20049263.636363637,5.33,16.137727272727275,16.81370303455366,2
MSFT,Microsoft Corporation,2024-05,0.053017701099392855,0.22273262337775887,18808181.818181816,5.33,13.058695652173913,16.749802589389905,2
MSFT,Microsoft Corporation,2024-06,0.08084252611230935,0.17549020035532675,17985110.52631579,5.33,12.667,16.705054836166628,2
MSFT,Microsoft Corporation,2024-07,-0.08403215716029233,0.18280761814596122,20020418.181818184,5.33,14.373913043478263,16.812263269784903,2
MSFT,Microsoft Corporation,2024-08,0.001874602305123041,0.22635933339143133,20541772.727272727,5.33,19.312272727272727,16.837971113520783,2
MSFT,Microsoft Corporation,2024-09,0.050947753741702684,0.1785156104845864,18844905.0,5.13,17.663333333333334,16.75175319661044,2
MSFT,Microsoft Corporation,2024-10,-0.03408683593198425,0.16203152322559672,19162847.826086957,4.83,19.960869565217394,16.76848400557575,2
MSFT,Microsoft Corporation,2024-11,0.033963503981331966,0.2682414799567264,22115310.0,4.64,16.015238095238097,16.91178073203895,2
MSFT,Microsoft Corporation,2024-12,-0.021996546224948288,0.18545972083416293,20947733.333333332,4.48,15.866190476190477,16.857541052103908,2
MSFT,Microsoft Corporation,2025-01,-0.008409458220475452,0.22076251057770765,23125060.0,4.33,16.763636363636365,16.95642747919712,2
MSFT,Microsoft Corporation,2025-02,-0.03196246127396041,0.29922504514446985,22760468.42105263,4.33,16.968,16.940535791836282,0
MSFT,Microsoft Corporation,2025-03,-0.03372018322335435,0.2339557129357095,23418409.523809522,4.33,21.841428571428573,16.969033045504876,0
MSFT,Microsoft Corporation,2025-04,0.034197653690663854,0.4055408187955133,26816385.714285713,4.33,31.966190476190473,17.104523703187922,0
MSFT,Microsoft Corporation,2025-05,0.08416816645670688,0.3649552123119984,22711542.85714286,4.33,20.46227272727273,16.938383893151247,0
MSFT,Microsoft Corporation,2025-06,0.07671488419845729,0.12810420749605095,20062755.0,4.33,18.403333333333336,16.81437571889771,2
MSFT,Microsoft Corporation,2025-07,0.0842395350675289,0.12280138920014914,18040086.363636363,4.33,16.381304347826084,16.70810691536066,2
MSFT,Microsoft Corporation,2025-08,-0.03164795746913329,0.20265680956607918,21661357.14285714,4.33,15.75,16.891040500381035,2
MSFT,Microsoft Corporation,2025-09,0.02539993832519105,0.14836811628806168,20191690.476190478,4.22,15.789090909090909,16.820781764699138,2
MSFT,Microsoft Corporation,2025-10,-0.003656039363805319,0.1541574653370386,20367260.86956522,4.09,18.086521739130436,16.829439359411595,0
MSFT,Microsoft Corporation,2025-11,-0.04661069187310485,0.20459553591790133,25235826.315789472,3.88,19.7695,17.043775261676778,0
MSFT,Microsoft Corporation,2025-12,-0.006409971611573417,0.2102185142237908,22570840.90909091,3.72,15.548181818181819,16.932169450228756,0
MSFT,Microsoft Corporation,2026-01,-0.09018059557210134,0.20251649141169398,34203130.0,3.64,16.17904761904762,17.347827747550017,0
MSFT,Microsoft Corporation,2026-02,-0.07023077730020877,0.45607228575463116,42118805.2631579,3.64,19.207,17.556004903497893,0
MSFT,Microsoft Corporation,2026-03,-0.07120806733025575,0.2408306695183815,33876745.45454545,3.64,25.596818181818183,17.338239391688923,0
MSFT,Microsoft Corporation,2026-04,0.10398788252934099,0.27519209530078187,34119957.14285714,3.64,19.811904761904763,17.345393053824314,0
NVDA,NVIDIA Corporation,2023-02,0.10853263728519336,0.6164436503726133,547025210.5263158,4.57,20.1205,20.12000544986583,1
NVDA,NVIDIA Corporation,2023-03,0.22397199805345758,0.5673083562475485,489727434.7826087,4.65,21.644347826086957,20.00935954079769,1
NVDA,NVIDIA Corporation,2023-04,-0.007723801595290292,0.2901678425222967,391392105.2631579,4.83,17.817894736842106,19.785220444769777,1
NVDA,NVIDIA Corporation,2023-05,0.30868190537344065,0.45022840544595827,531719045.45454544,5.06,17.63608695652174,20.091625799639537,1
NVDA,NVIDIA Corporation,2023-06,0.06377624566242468,0.8254900460461827,501288095.2380952,5.08,14.003181818181817,20.03269153616703,1
NVDA,NVIDIA Corporation,2023-07,0.10176129225580666,0.3569355946099796,435342250.0,5.12,13.932380952380951,19.891643063608797,1
NVDA,NVIDIA Corporation,2023-08,0.061238092994349236,0.43939258719099905,592702260.8695652,5.33,15.85391304347826,20.200202742963988,1
NVDA,NVIDIA Corporation,2023-09,-0.10320579165994104,0.3965846971625876,428963650.0,5.33,15.173333333333332,19.876882743698808,1
NVDA,NVIDIA Corporation,2023-10,-0.0893662494036167,0.3442635465748319,460959136.3636364,5.33,18.887727272727272,19.94881995790781,1
NVDA,NVIDIA Corporation,2023-11,0.10502067509760771,0.37077135127987126,435458000.0,5.33,14.01909090909091,19.891908911029983,1
NVDA,NVIDIA Corporation,2023-12,0.059047403236968554,0.2943393837580254,370594350.0,5.33,12.7185,19.73061862884993,1
NVDA,NVIDIA Corporation,2024-01,0.2773418868351549,0.31699622578549347,462201761.9047619,5.33,13.388636363636364,19.951512069957303,1
NVDA,NVIDIA Corporation,2024-02,0.25520819454585175,0.44275646912283373,553067800.0,5.33,13.980476190476189,20.13099115775775,1
NVDA,NVIDIA Corporation,2024-03,0.09821751653664124,0.6424201362864849,607460900.0,5.33,13.7875,20.224798370613925,1
NVDA,NVIDIA Corporation,2024-04,-0.0438341159672353,0.447135347352056,457833363.6363636,5.33,16.137727272727275,19.9420158432036,1
NVDA,NVIDIA Corporation,2024-05,0.32022753010169214,0.5480470677697625,438417000.0,5.33,13.058695652173913,19.898681072499453,1
NVDA,NVIDIA Corporation,2024-06,0.07434925853864272,0.5177417100164626,390746142.1052632,5.33,12.667,19.783568656725176,1
NVDA,NVIDIA Corporation,2024-07,-0.058568142428836234,0.5420055914797571,291156300.0,5.33,14.373913043478263,19.489370797778637,1
NVDA,NVIDIA Corporation,2024-08,0.09303186572276845,0.7891699721365306,368425809.09090906,5.33,19.312272727272727,19.724749919855807,1
NVDA,NVIDIA Corporation,2024-09,0.12454071696460978,0.6327959524799986,313558160.0,5.13,17.663333333333334,19.56349542236136,1
NVDA,NVIDIA Corporation,2024-10,0.13470087173984746,0.3946493881557041,244692052.17391303,4.83,19.960869565217394,19.31551105209443,1
NVDA,NVIDIA Corporation,2024-11,0.021048793711246683,0.3836840873097656,224870730.0,4.64,16.015238095238097,19.231036266174844,1
NVDA,NVIDIA Corporation,2024-12,-0.031239573760462602,0.3622043247806019,194564533.33333334,4.48,15.866190476190477,19.086274462048905,0
NVDA,NVIDIA Corporation,2025-01,-0.1318776579337546,0.5313379556111837,297420040.0,4.33,16.763636363636365,19.510655977076997,0
NVDA,NVIDIA Corporation,2025-02,0.07080396957919,0.7602978649012024,250275284.21052632,4.33,16.968,19.33807201085773,1
NVDA,NVIDIA Corporation,2025-03,-0.04971096022629373,0.64272681782711,294188109.52380955,4.33,21.841428571428573,19.499729952411553,0
NVDA,NVIDIA Corporation,2025-04,-0.011166620560822849,0.8143253936079398,324333638.0952381,4.33,31.966190476190473,19.597283294221413,0
NVDA,NVIDIA Corporation,2025-05,0.21073393803520823,0.5251570387628258,226514466.66666666,4.33,20.46227272727273,19.23831937575547,1
NVDA,NVIDIA Corporation,2025-06,0.15010173626560408,0.311974659870237,191064840.0,4.33,18.403333333333336,19.06812341007543,1
NVDA,NVIDIA Corporation,2025-07,0.16027386759581885,0.26859491038021155,163491109.0909091,4.33,16.381304347826084,18.912269174290678,1
NVDA,NVIDIA Corporation,2025-08,0.002647890867644831,0.25652983990161404,171851961.9047619,4.33,15.75,18.96214398339309,0
NVDA,NVIDIA Corporation,2025-09,0.09257828466562978,0.2846887282452058,185261680.95238096,4.22,15.789090909090909,19.037279880623935,1
NVDA,NVIDIA Corporation,2025-10,0.08144624598622263,0.33921564691459816,175261626.08695653,4.09,18.086521739130436,18.98179042739549,0
NVDA,NVIDIA Corporation,2025-11,-0.14443157904132153,0.43579021679215724,218955173.68421054,3.88,19.7695,19.204377585023337,0
NVDA,NVIDIA Corporation,2025-12,0.03662952399345776,0.339319452998581,164986077.27272728,3.72,15.548181818181819,18.921371654200478,0
NVDA,NVIDIA Corporation,2026-01,0.012073074201886191,0.2772883794414388,164611430.0,3.64,16.17904761904762,18.919098290940497,0
NVDA,NVIDIA Corporation,2026-02,-0.045363912742398815,0.39489802855251643,197128684.21052632,3.64,19.207,19.099367297862972,0
NVDA,NVIDIA Corporation,2026-03,-0.04422712742765256,0.37735591303543914,183052309.0909091,3.64,25.596818181818183,19.025282517450393,0
NVDA,NVIDIA Corporation,2026-04,0.13553346983908243,0.3415017673516636,149026128.57142857,3.64,19.811904761904763,18.81963221478607,0
ORCL,Oracle Corporation,2023-02,-0.029428277750425447,0.19660489453178046,6454663.157894737,4.57,20.1205,15.68031355269786,2
ORCL,Oracle Corporation,2023-03,0.07621061499052151,0.22782612134151337,8251404.347826087,4.65,21.644347826086957,15.92589408899481,2
ORCL,Oracle Corporation,2023-04,0.012741195475701295,0.18656527859495392,6864210.52631579,4.83,17.817894736842106,15.741831736446057,2
ORCL,Oracle Corporation,2023-05,0.11668621856509209,0.17603541441611772,7993595.454545454,5.06,17.63608695652174,15.894151335936595,2
ORCL,Oracle Corporation,2023-06,0.12359663675295862,0.3437146934880425,15636980.952380951,5.08,14.003181818181817,16.56514930466376,2
ORCL,Oracle Corporation,2023-07,0.0041946430980974725,0.2587270703488799,7814150.0,5.12,13.932380952380951,15.871446878700178,2
ORCL,Oracle Corporation,2023-08,0.021032818590202895,0.21821907823241132,7378213.043478261,5.33,15.85391304347826,15.814042167761354,2
ORCL,Oracle Corporation,2023-09,-0.12412140646868364,0.46662092958821244,15426305.0,5.33,15.173333333333332,16.551584791918778,2
ORCL,Oracle Corporation,2023-10,-0.027472866912524152,0.3313380901897257,7484936.363636363,5.33,18.887727272727272,15.828403207549197,2
ORCL,Oracle Corporation,2023-11,0.0989126532439264,0.2414879003027019,6475371.428571428,5.33,14.01909090909091,15.683516681821873,2
ORCL,Oracle Corporation,2023-12,-0.10011944633645764,0.38139535434256233,13496550.0,5.33,12.7185,16.417944729286223,2
ORCL,Oracle Corporation,2024-01,0.0775785343137172,0.2924874813690672,8149385.714285715,5.33,13.388636363636364,15.913453232604745,2
ORCL,Oracle Corporation,2024-02,-0.03332453484327236,0.2203989146882936,7384840.0,5.33,13.980476190476189,15.814939943587202,2
ORCL,Oracle Corporation,2024-03,0.10397242604800794,0.38282997858705076,12166075.0,5.33,13.7875,16.314161980760915,2
ORCL,Oracle Corporation,2024-04,-0.09055559542623515,0.25789511595306647,6172440.909090909,5.33,16.137727272727275,15.635605088912294,2
ORCL,Oracle Corporation,2024-05,0.02233264721410677,0.20631164660140502,6600731.818181818,5.33,13.058695652173913,15.702691233890791,2
ORCL,Oracle Corporation,2024-06,0.1837693055817584,0.44441226194992156,12525184.210526315,5.33,12.667,16.343251992093442,1
ORCL,Oracle Corporation,2024-07,-0.022687245660054534,0.3231821535499881,6867990.909090909,5.33,14.373913043478263,15.742382322939827,2
ORCL,Oracle Corporation,2024-08,0.027488991045696354,0.29142222331515044,5452900.0,5.33,19.312272727272727,15.511658318599434,2
ORCL,Oracle Corporation,2024-09,0.22150537131317516,0.3833330590139321,13354345.0,5.13,17.663333333333334,16.407352432904045,1
ORCL,Oracle Corporation,2024-10,0.0063257495116983975,0.2736175199191996,5842756.521739131,4.83,19.960869565217394,15.580713421743265,2
ORCL,Oracle Corporation,2024-11,0.08716614721040306,0.28542954135037835,7524945.0,4.64,16.015238095238097,15.833734192493731,2
ORCL,Oracle Corporation,2024-12,-0.08141769746598715,0.3441103511994805,9354380.952380951,4.48,15.866190476190477,16.051355449487662,2
ORCL,Oracle Corporation,2025-01,0.026790302819981182,0.40483680360676705,14927470.0,4.33,16.763636363636365,16.518713764678235,0
ORCL,Oracle Corporation,2025-02,-0.015065239925261875,0.6095256479871141,8417626.315789474,4.33,16.968,15.945838555033898,0
ORCL,Oracle Corporation,2025-03,-0.1370818369988397,0.4663913952783873,12342442.857142856,4.33,21.841428571428573,16.32855460036208,0
ORCL,Oracle Corporation,2025-04,-0.005033990551187917,0.6002345161926088,10638809.523809524,4.33,31.966190476190473,16.18001924275344,0
ORCL,Oracle Corporation,2025-05,0.13774133427512902,0.4080018626319515,8269052.380952381,4.33,20.46227272727273,15.928030596234608,0
ORCL,Oracle Corporation,2025-06,0.31254137599571874,0.4450905852251964,17972995.0,4.33,18.403333333333336,16.70438096717809,1
ORCL,Oracle Corporation,2025-07,0.16144162454841648,0.4426957529457896,12263190.909090908,4.33,16.381304347826084,16.32211280606238,1
ORCL,Oracle Corporation,2025-08,-0.07483017252867841,0.3185843980949408,10400190.476190476,4.33,15.75,16.15733477511428,2
ORCL,Oracle Corporation,2025-09,0.2482910692038729,1.0941708717415064,36757714.28571428,4.22,15.789090909090909,17.41985870133618,1
ORCL,Oracle Corporation,2025-10,-0.08976949238261023,0.6913194088655599,21009965.217391305,4.09,18.086521739130436,16.86050746488992,0
ORCL,Oracle Corporation,2025-11,-0.21679280948992252,0.45529454831168326,23532189.47368421,3.88,19.7695,16.97387984917494,0
ORCL,Oracle Corporation,2025-12,-0.030009001118779244,0.5504947178147239,31406777.272727273,3.72,15.548181818181819,17.262534296140412,0
ORCL,Oracle Corporation,2026-01,-0.15683902227489577,0.47216470673553507,23500595.0,3.64,16.17904761904762,16.972536340494912,0
ORCL,Oracle Corporation,2026-02,-0.09159066668975369,0.591703771907265,30457036.842105262,3.64,19.207,17.23182765323381,0
ORCL,Oracle Corporation,2026-03,-0.014338366742055797,0.5264710163165192,28231768.181818184,3.64,25.596818181818183,17.155958468539374,0
ORCL,Oracle Corporation,2026-04,0.11515301486072205,0.5891040818933984,31024457.14285714,3.64,19.811904761904763,17.250286423724575,0
