ticker,company_name,month,first_close,last_close,average_volume,average_volatility,monthly_return
AAPL,Apple Inc.,2023-01,122.98272705078124,141.88192749023438,72182625.0,,0.1536736165530741
AAPL,Apple Inc.,2023-02,143.00289916992188,145.17123413085938,68799942.10526316,0.24558338795139262,0.015162874134188042
AAPL,Apple Inc.,2023-03,143.1030731201172,162.39552307128906,66098547.82608695,0.23622354487712924,0.13481506392932774
AAPL,Apple Inc.,2023-04,163.64627075195312,167.1029510498047,51040863.15789474,0.19015138534017426,0.021122878523098354
AAPL,Apple Inc.,2023-05,167.0143280029297,174.79946899414062,57971122.72727273,0.21946129770685519,0.046613611444608294
AAPL,Apple Inc.,2023-06,177.60018920898438,191.28829956054688,61780157.14285714,0.14598639515766654,0.07707261131042786
AAPL,Apple Inc.,2023-07,189.7991943359375,193.73402404785156,49805700.0,0.14806080448227207,0.020731540645791968
AAPL,Apple Inc.,2023-08,192.9056396484375,185.52281188964844,57506860.86956522,0.21570042321364002,-0.038271705131296074
AAPL,Apple Inc.,2023-09,187.09295654296875,169.0709686279297,66891150.0,0.24994971795353726,-0.09632638367602064
AAPL,Apple Inc.,2023-10,171.5792236328125,168.63645935058594,53309859.09090909,0.17365441616024088,-0.01715105255706373
AAPL,Apple Inc.,2023-11,171.7964630126953,187.82394409179688,52364361.9047619,0.18230964542251926,0.09329342873559154
AAPL,Apple Inc.,2023-12,189.0994873046875,190.3750762939453,53159060.0,0.14200329014769406,0.00674559729081925
AAPL,Apple Inc.,2024-01,183.56219482421875,182.33609008789065,56547180.952380955,0.20354441802519366,-0.006679505752817061
AAPL,Apple Inc.,2024-02,184.76853942871097,178.95498657226562,58077675.0,0.17347263886494885,-0.03146397581763849
AAPL,Apple Inc.,2024-03,177.8758087158203,169.7770233154297,71657590.0,0.18687328453996918,-0.04553056123179455
AAPL,Apple Inc.,2024-04,168.34144592285156,168.6384735107422,56642913.63636363,0.23926091769267302,0.0017644352896122317
AAPL,Apple Inc.,2024-05,167.61871337890625,190.59896850585935,60750513.63636363,0.2789633468221415,0.13709838635382954
AAPL,Apple Inc.,2024-06,192.3636474609375,208.81117248535156,90418531.57894737,0.26233543866803705,0.0855022518106181
AAPL,Apple Inc.,2024-07,214.88851928710935,220.17274475097656,52413627.27272727,0.2785297739311383,0.024590543419432453
AAPL,Apple Inc.,2024-08,216.48471069335935,227.29611206054688,51030318.18181818,0.25240133300500367,0.049940715594005036
AAPL,Apple Inc.,2024-09,221.11248779296875,231.266357421875,61604885.0,0.19001761704485415,0.04592173752942208
AAPL,Apple Inc.,2024-10,224.52688598632812,224.2291259765625,40466782.60869565,0.22761170960740862,-0.0013261663896401155
AAPL,Apple Inc.,2024-11,221.25144958496097,235.8233184814453,44579415.0,0.17465331750856944,0.06586112282572287
AAPL,Apple Inc.,2024-12,238.06895446777344,248.83023071289065,46567433.333333336,0.1331114870877113,0.045202350172768746
AAPL,Apple Inc.,2025-01,242.3019256591797,234.5017547607422,60008820.0,0.2382401292510278,-0.032191947617491
AAPL,Apple Inc.,2025-02,226.56248474121097,240.5688934326172,45382752.631578945,0.2962842700294686,0.06182139424982447
AAPL,Apple Inc.,2025-03,236.7789001464844,220.9624786376953,53106642.85714286,0.2784062382359786,-0.06679827256146631
AAPL,Apple Inc.,2025-04,222.0169219970703,211.38311767578125,76538980.95238096,0.693536680471819,-0.04789636855441759
AAPL,Apple Inc.,2025-05,212.19879150390625,200.05633544921875,56939438.0952381,0.4374906799288643,-0.05722207920521538
AAPL,Apple Inc.,2025-06,200.90298461914065,204.35926818847656,55020465.0,0.23048579498308758,0.01720374426436777
AAPL,Apple Inc.,2025-07,206.998779296875,206.7498016357422,49087981.81818182,0.1686837748260536,-0.0012027977265302026
AAPL,Apple Inc.,2025-08,201.58029174804688,231.485107421875,58003766.666666664,0.26835604423843246,0.14835188209374084
AAPL,Apple Inc.,2025-09,229.07192993164065,253.9116668701172,60263638.0952381,0.25608275818495807,0.10843640661642473
AAPL,Apple Inc.,2025-10,254.72933959960935,269.60723876953125,47701834.782608695,0.24591045426784017,0.05840669627341466
AAPL,Apple Inc.,2025-11,268.2909851074219,278.3328857421875,46188326.315789476,0.1860907498794452,0.03742913922636992
AAPL,Apple Inc.,2025-12,282.57501220703125,271.3558349609375,42024036.36363637,0.14632163958359087,-0.03970335932560776
AAPL,Apple Inc.,2026-01,270.5074462890625,258.99884033203125,52000865.0,0.13890723463014173,-0.04254450705483803
AAPL,Apple Inc.,2026-02,269.50927734375,263.93682861328125,52048473.684210524,0.2936661041324212,-0.020676277957442202
AAPL,Apple Inc.,2026-03,264.476318359375,253.5563812255859,40910713.63636363,0.24221352885095795,-0.04128890329965529
AAPL,Apple Inc.,2026-04,255.3946990966797,271.1002502441406,43216119.047619045,0.22726596880023817,0.06149521193278806
AAPL,Apple Inc.,2026-05,279.88214111328125,298.9700012207031,49210976.92307692,0.25023254753339885,0.0681996358592103
ADBE,Adobe Inc.,2023-01,336.9200134277344,370.3399963378906,2443490.0,,0.09919263201419892
ADBE,Adobe Inc.,2023-02,383.9200134277344,323.95001220703125,3024552.6315789474,0.32794219258620283,-0.15620441530327078
ADBE,Adobe Inc.,2023-03,323.3800048828125,385.3699951171875,3601321.7391304346,0.3944539962121091,0.19169394921878102
ADBE,Adobe Inc.,2023-04,380.0799865722656,377.55999755859375,2057810.5263157894,0.2545818962157632,-0.00663015444827364
ADBE,Adobe Inc.,2023-05,374.1499938964844,417.7900085449219,3927927.272727273,0.36045037394986323,0.11663775320149106
ADBE,Adobe Inc.,2023-06,426.75,488.989990234375,5171376.19047619,0.39991422995018877,0.14584649146895146
ADBE,Adobe Inc.,2023-07,485.2099914550781,546.1699829101562,3058340.0,0.2421180747799528,0.1256363070188795
ADBE,Adobe Inc.,2023-08,549.0999755859375,559.3400268554688,2226317.3913043477,0.2762335757243849,0.018648792068519437
ADBE,Adobe Inc.,2023-09,563.2100219726562,509.8999938964844,3146890.0,0.2932973263938773,-0.09465390528643691
ADBE,Adobe Inc.,2023-10,521.1300048828125,532.0599975585938,2537390.909090909,0.2941804199695223,0.020973639156008916
ADBE,Adobe Inc.,2023-11,544.5,611.010009765625,2519966.6666666665,0.2944683514044336,0.12214877826561055
ADBE,Adobe Inc.,2023-12,612.469970703125,596.5999755859375,3541735.0,0.264095582051033,-0.025911466482133827
ADBE,Adobe Inc.,2024-01,580.0700073242188,617.780029296875,2635423.8095238097,0.2623120166306034,0.06500943247627511
ADBE,Adobe Inc.,2024-02,627.9099731445312,560.280029296875,3561125.0,0.3179392083988969,-0.1077064336292829
ADBE,Adobe Inc.,2024-03,570.9299926757812,504.6000061035156,4900335.0,0.4876297663229191,-0.11617884403199152
ADBE,Adobe Inc.,2024-04,502.0899963378906,462.8299865722656,2952327.272727273,0.3489666831042116,-0.07819317264230907
ADBE,Adobe Inc.,2024-05,469.3900146484375,444.760009765625,2890518.1818181816,0.20382584557391814,-0.052472366505835866
ADBE,Adobe Inc.,2024-06,439.0199890136719,555.5399780273438,4842526.315789473,0.44961962062559807,0.26540930237698857
ADBE,Adobe Inc.,2024-07,560.010009765625,551.6500244140625,2337300.0,0.3567802680110257,-0.014928278433918196
ADBE,Adobe Inc.,2024-08,546.4099731445312,574.4099731445312,1876100.0,0.2740533855608881,0.05124357419551284
ADBE,Adobe Inc.,2024-09,571.0399780273438,517.780029296875,3576180.0,0.2970443637889094,-0.09326833633339493
ADBE,Adobe Inc.,2024-10,502.7999877929687,478.0799865722656,2652782.6086956523,0.3030755818841559,-0.049164681425731604
ADBE,Adobe Inc.,2024-11,482.7999877929687,515.9299926757812,2680000.0,0.27402501414389396,0.06862055865879424
ADBE,Adobe Inc.,2024-12,516.2000122070312,444.6799926757813,5030666.666666667,0.46507012622204186,-0.13855098380463726
ADBE,Adobe Inc.,2025-01,441.0,437.4500122070313,4002935.0,0.3232708786538042,-0.008049858940972099
ADBE,Adobe Inc.,2025-02,438.6000061035156,438.55999755859375,2917031.5789473685,0.20873211668965083,-9.12187514024998e-05
ADBE,Adobe Inc.,2025-03,440.7200012207031,383.5299987792969,4488171.428571428,0.42736968843570705,-0.12976493529452215
ADBE,Adobe Inc.,2025-04,383.2000122070313,374.9800109863281,4269471.428571428,0.4895664468736679,-0.021450941959422876
ADBE,Adobe Inc.,2025-05,374.6300048828125,415.0899963378906,2718204.761904762,0.23415779897948027,0.10799986901138459
ADBE,Adobe Inc.,2025-06,403.3999938964844,386.8800048828125,4548705.0,0.2667811057690831,-0.0409518821606899
ADBE,Adobe Inc.,2025-07,392.1000061035156,357.69000244140625,3439622.727272727,0.2587579011540697,-0.0877582329162857
ADBE,Adobe Inc.,2025-08,347.79998779296875,356.70001220703125,3617228.5714285714,0.25646514523849356,0.025589490300270912
ADBE,Adobe Inc.,2025-09,345.6300048828125,352.75,5695476.19047619,0.2579666163716189,0.02060004923357739
ADBE,Adobe Inc.,2025-10,343.7200012207031,340.30999755859375,3831539.1304347827,0.26397011441411317,-0.009920876440122517
ADBE,Adobe Inc.,2025-11,337.4700012207031,320.1300048828125,3476363.1578947366,0.3027420787746337,-0.05138233405982173
ADBE,Adobe Inc.,2025-12,322.8500061035156,349.989990234375,4307095.454545454,0.27567728825972065,0.08406375597885996
ADBE,Adobe Inc.,2026-01,333.29998779296875,293.25,5023130.0,0.2860729025008406,-0.12016198397776734
ADBE,Adobe Inc.,2026-02,293.3800048828125,262.4100036621094,6277605.263157895,0.3844020913722903,-0.10556275378437519
ADBE,Adobe Inc.,2026-03,260.8800048828125,243.0800018310547,6428200.0,0.38991024454730644,-0.06823061453005408
ADBE,Adobe Inc.,2026-04,241.3699951171875,246.1000061035156,5262195.238095238,0.4083116557333377,0.01959651606253554
ADBE,Adobe Inc.,2026-05,250.7100067138672,254.9900054931641,4642038.461538462,0.43515851129903604,0.01707151156587705
AMD,"Advanced Micro Devices, Inc.",2023-01,64.0199966430664,75.1500015258789,54073350.0,,0.1738520066607645
AMD,"Advanced Micro Devices, Inc.",2023-02,84.63999938964844,78.58000183105469,60306321.05263158,0.6643378039359746,-0.07159732516887152
AMD,"Advanced Micro Devices, Inc.",2023-03,78.29000091552734,98.01000213623048,72003604.3478261,0.43599847428851785,0.25188403359428313
AMD,"Advanced Micro Devices, Inc.",2023-04,96.55999755859376,89.37000274658203,47135221.05263158,0.3495554307965958,-0.07446142288527668
AMD,"Advanced Micro Devices, Inc.",2023-05,89.69000244140625,118.20999908447266,80159177.27272727,0.533424156630489,0.3179841216048387
AMD,"Advanced Micro Devices, Inc.",2023-06,119.47000122070312,113.91000366210938,73475457.14285715,0.5933044556713154,-0.046538859142743916
AMD,"Advanced Micro Devices, Inc.",2023-07,115.81999969482422,114.4000015258789,57098840.0,0.3566300071849479,-0.01226038829810816
AMD,"Advanced Micro Devices, Inc.",2023-08,117.5999984741211,105.72000122070312,68323417.39130434,0.4535164107554149,-0.10102038611873165
AMD,"Advanced Micro Devices, Inc.",2023-09,109.4499969482422,102.81999969482422,52224530.0,0.40505590356431115,-0.06057558189383272
AMD,"Advanced Micro Devices, Inc.",2023-10,103.2699966430664,98.5,52772277.27272727,0.3884460384625,-0.04618956907254501
AMD,"Advanced Micro Devices, Inc.",2023-11,108.04000091552734,121.16000366210938,53159414.28571428,0.47702176572657135,0.12143652939099936
AMD,"Advanced Micro Devices, Inc.",2023-12,121.38999938964844,147.41000366210938,64009775.0,0.41020051568175553,0.2143504770021425
AMD,"Advanced Micro Devices, Inc.",2024-01,138.5800018310547,167.69000244140625,93167147.61904761,0.49660243526733117,0.21005917322645207
AMD,"Advanced Micro Devices, Inc.",2024-02,170.47999572753906,192.52999877929688,63570965.0,0.5200139781552271,0.1293407062667815
AMD,"Advanced Micro Devices, Inc.",2024-03,202.63999938964844,180.4900054931641,76405885.0,0.5952943731560854,-0.10930711588630138
AMD,"Advanced Micro Devices, Inc.",2024-04,183.33999633789065,158.3800048828125,56505304.54545455,0.4443964639053005,-0.1361404600940297
AMD,"Advanced Micro Devices, Inc.",2024-05,144.27000427246094,166.89999389648438,50882322.72727273,0.4770594644461349,0.15685859120989276
AMD,"Advanced Micro Devices, Inc.",2024-06,163.5500030517578,162.2100067138672,50481994.7368421,0.3661263852846912,-0.008193190540427997
AMD,"Advanced Micro Devices, Inc.",2024-07,157.69000244140625,144.47999572753906,56518077.27272727,0.47031635167151714,-0.0837719989177862
AMD,"Advanced Micro Devices, Inc.",2024-08,132.5399932861328,148.55999755859375,50089777.27272727,0.5669716324829163,0.12086920992878203
AMD,"Advanced Micro Devices, Inc.",2024-09,136.94000244140625,164.0800018310547,32997435.0,0.5045524748109613,0.19818897988745898
AMD,"Advanced Micro Devices, Inc.",2024-10,159.75,144.07000732421875,39164717.39130435,0.3979589907866369,-0.09815331878423317
AMD,"Advanced Micro Devices, Inc.",2024-11,141.86000061035156,137.17999267578125,30576835.0,0.48626157290400507,-0.032990327889712456
AMD,"Advanced Micro Devices, Inc.",2024-12,142.05999755859375,120.79000091552734,38778238.0952381,0.34660877456378997,-0.14972544705481516
AMD,"Advanced Micro Devices, Inc.",2025-01,120.62999725341795,115.9499969482422,38954420.0,0.406121657357761,-0.03879632273674072
AMD,"Advanced Micro Devices, Inc.",2025-02,114.2699966430664,99.86000061035156,42027347.368421055,0.4410712128316722,-0.12610480840150795
AMD,"Advanced Micro Devices, Inc.",2025-03,98.2300033569336,102.73999786376952,34346390.47619048,0.41391474386569255,0.045912596484886325
AMD,"Advanced Micro Devices, Inc.",2025-04,102.77999877929688,97.3499984741211,44588700.0,0.9724132393288765,-0.052831293730950635
AMD,"Advanced Micro Devices, Inc.",2025-05,96.6500015258789,110.7300033569336,43340138.0952381,0.5594066511352374,0.14568030635037954
AMD,"Advanced Micro Devices, Inc.",2025-06,114.62999725341795,141.89999389648438,53789185.0,0.42839887808611526,0.23789581520079217
AMD,"Advanced Micro Devices, Inc.",2025-07,136.11000061035156,176.30999755859375,53922800.0,0.445954584203556,0.2953493260449289
AMD,"Advanced Micro Devices, Inc.",2025-08,171.6999969482422,162.6300048828125,62179761.9047619,0.47219620095144244,-0.052824648961198206
AMD,"Advanced Micro Devices, Inc.",2025-09,162.32000732421875,161.7899932861328,43597861.9047619,0.3910856487163466,-0.003265241585575396
AMD,"Advanced Micro Devices, Inc.",2025-10,164.00999450683594,256.1199951171875,76509886.95652173,0.9173916829416209,0.5616121193547898
AMD,"Advanced Micro Devices, Inc.",2025-11,259.6499938964844,217.52999877929688,55303552.631578945,0.6583473784219365,-0.16221835589173794
AMD,"Advanced Micro Devices, Inc.",2025-12,219.7599945068359,214.16000366210935,27272522.727272727,0.5186442975598221,-0.025482303352316382
AMD,"Advanced Micro Devices, Inc.",2026-01,223.47000122070312,236.72999572753903,37982660.0,0.4349073076137282,0.059336798829387805
AMD,"Advanced Micro Devices, Inc.",2026-02,246.27000427246097,200.2100067138672,43216747.368421055,0.8075100775169214,-0.18703048182691084
AMD,"Advanced Micro Devices, Inc.",2026-03,198.6199951171875,203.42999267578125,34129340.90909091,0.5844150003364836,0.024217086279535005
AMD,"Advanced Micro Devices, Inc.",2026-04,210.2100067138672,354.489990234375,39987252.38095238,0.5497099151232826,0.6863611574728612
AMD,"Advanced Micro Devices, Inc.",2026-05,360.5400085449219,414.0499877929687,43796169.23076923,0.9093839552085463,0.1484162034166583
AVGO,Broadcom Inc.,2023-01,52.808143615722656,55.81645584106445,22279700.0,,0.05696682404200493
AVGO,Broadcom Inc.,2023-02,57.50905990600586,56.701873779296875,19796947.36842105,0.24251657388323436,-0.0140358080627343
AVGO,Broadcom Inc.,2023-03,56.633174896240234,61.650604248046875,26201956.52173913,0.2730339435311904,0.08859523346517761
AVGO,Broadcom Inc.,2023-04,61.73998260498047,60.205299377441406,16473947.368421054,0.1697922214246487,-0.0248572021368737
AVGO,Broadcom Inc.,2023-05,61.30561828613281,77.6432113647461,31949181.818181816,0.2840706699970833,0.26649422247665044
AVGO,Broadcom Inc.,2023-06,75.9124984741211,83.80223846435547,35112523.809523806,0.5013852182443274,0.10393202896521747
AVGO,Broadcom Inc.,2023-07,84.67269897460938,86.81840515136719,24457300.0,0.2810678270061196,0.02534118083800818
AVGO,Broadcom Inc.,2023-08,88.88101959228516,89.16022491455078,21895173.913043477,0.29338710998566053,0.003141337976841241
AVGO,Broadcom Inc.,2023-09,84.29398345947266,80.67920684814453,24013750.0,0.3582055918281442,-0.04288297293561949
AVGO,Broadcom Inc.,2023-10,81.10369110107422,81.72730255126953,21009545.454545453,0.2852873088772985,0.007689063737162716
AVGO,Broadcom Inc.,2023-11,82.85115814208984,89.92168426513672,28854380.95238095,0.3081433062825798,0.08534010002516701
AVGO,Broadcom Inc.,2023-12,90.33646392822266,108.92660522460938,46270250.0,0.37608610744709403,0.2057877903119787
AVGO,Broadcom Inc.,2024-01,105.91424560546876,115.1475067138672,27754380.95238095,0.33084025373714754,0.0871767631975815
AVGO,Broadcom Inc.,2024-02,117.10013580322266,126.9052276611328,23988550.0,0.314186073019356,0.08373254045056622
AVGO,Broadcom Inc.,2024-03,136.5347137451172,129.88780212402344,41324150.0,0.489703906264703,-0.04868294251894212
AVGO,Broadcom Inc.,2024-04,132.32305908203125,127.42411041259766,23825545.454545453,0.3821677110699459,-0.03702263765226721
AVGO,Broadcom Inc.,2024-05,121.79806518554688,130.1955108642578,24069954.545454547,0.3877593753527165,0.06894564101587575
AVGO,Broadcom Inc.,2024-06,129.54385375976562,157.83865356445312,52780684.21052632,0.47899971142934616,0.2184186974795359
AVGO,Broadcom Inc.,2024-07,161.3060302734375,157.96351623535156,33990600.0,0.5242124175198425,-0.020721569010283658
AVGO,Broadcom Inc.,2024-08,144.5344696044922,160.06735229492188,24088700.0,0.713583887964824,0.10746836192732623
AVGO,Broadcom Inc.,2024-09,150.20689392089844,170.14146423339844,34659180.0,0.6097221599647453,0.1327140838355787
AVGO,Broadcom Inc.,2024-10,165.18023681640625,167.44879150390625,19137956.52173913,0.37254539739869946,0.013733814233608532
AVGO,Broadcom Inc.,2024-11,166.61041259765625,159.8639373779297,18133095.0,0.34466737077902987,-0.040492518531950794
AVGO,Broadcom Inc.,2024-12,164.2333526611328,229.2828063964844,45285304.76190476,0.7383280169159937,0.39607943624928565
AVGO,Broadcom Inc.,2025-01,229.42123413085935,218.8293914794922,31896725.0,0.7413978827310863,-0.04616766486979007
AVGO,Broadcom Inc.,2025-02,215.3284454345703,197.23028564453125,23987784.210526317,0.6759853635958221,-0.0840490895362841
AVGO,Broadcom Inc.,2025-03,185.30328369140625,166.08428955078125,35806528.571428575,0.6160263872595569,-0.10371642508306134
AVGO,Broadcom Inc.,2025-04,167.16554260253906,190.92303466796875,33858080.952380955,0.8356342116496769,0.1421195522447869
AVGO,Broadcom Inc.,2025-05,195.7439727783203,240.12437438964844,19128133.333333332,0.49530040031789097,0.22672678489870468
AVGO,Broadcom Inc.,2025-06,246.7110137939453,274.0780334472656,27060195.0,0.3363331206512671,0.1109274338120041
AVGO,Broadcom Inc.,2025-07,263.2302551269531,292.025146484375,17133554.545454547,0.30222324256958827,0.10939050810680717
AVGO,Broadcom Inc.,2025-08,286.9939880371094,295.6941223144531,17810780.95238095,0.29761717866672643,0.030314691735698673
AVGO,Broadcom Inc.,2025-09,296.53924560546875,328.5906677246094,30185228.57142857,0.5066282696469213,0.10808492499432432
AVGO,Broadcom Inc.,2025-10,332.0567626953125,368.1518249511719,21114604.347826086,0.4536191856095212,0.10870148212876285
AVGO,Broadcom Inc.,2025-11,361.1001281738281,401.3485412597656,22455363.157894738,0.4431210942996038,0.11146053392305233
AVGO,Broadcom Inc.,2025-12,384.5360412597656,345.3755187988281,40153827.27272727,0.5931490205240523,-0.10183836691261772
AVGO,Broadcom Inc.,2026-01,346.8923034667969,330.6064758300781,25739550.0,0.4144346611940183,-0.04694779179001751
AVGO,Broadcom Inc.,2026-02,330.4168701171875,318.8810729980469,24816778.94736842,0.4185333867502833,-0.03491285755188367
AVGO,Broadcom Inc.,2026-03,318.1526184082031,309.510009765625,29523545.454545453,0.3798799187882709,-0.027164977254687583
AVGO,Broadcom Inc.,2026-04,313.489990234375,417.4299926757813,21802890.476190478,0.4482243567139251,0.33155764355888206
AVGO,Broadcom Inc.,2026-05,421.2799987792969,411.0700073242187,18790430.769230768,0.403921829062952,-0.02423564252910826
CRM,"Salesforce, Inc.",2023-01,132.82984924316406,165.5396270751953,10097785.0,,0.24625321807112277
CRM,"Salesforce, Inc.",2023-02,169.33392333984375,161.24269104003906,7334684.2105263155,0.3367817350656077,-0.04778270142342378
CRM,"Salesforce, Inc.",2023-03,164.92860412597656,196.88934326171875,9889330.43478261,0.4618621587017395,0.19378530064639232
CRM,"Salesforce, Inc.",2023-04,193.64694213867188,195.4997406005859,4728810.52631579,0.21791294522926838,0.00956792005828433
CRM,"Salesforce, Inc.",2023-05,194.9281311035156,220.1478576660156,5985168.181818182,0.2219849559907957,0.1293796150392843
CRM,"Salesforce, Inc.",2023-06,209.81948852539065,208.2032165527344,8738057.142857144,0.3197023483509175,-0.007703154668879386
CRM,"Salesforce, Inc.",2023-07,208.5876007080078,221.75424194335935,5056325.0,0.2687121393028443,0.06312283755438997
CRM,"Salesforce, Inc.",2023-08,221.0249786376953,218.25567626953125,5154708.695652174,0.22718353330721364,-0.012529363808710059
CRM,"Salesforce, Inc.",2023-09,218.32464599609375,199.84591674804688,4725395.0,0.21759856257861662,-0.08463876885607091
CRM,"Salesforce, Inc.",2023-10,200.76248168945312,197.9241485595703,4037640.909090909,0.19890017715549665,-0.014137766708190336
CRM,"Salesforce, Inc.",2023-11,200.9595947265625,248.2552032470703,5499042.857142857,0.23004739137488622,0.23534884504947873
CRM,"Salesforce, Inc.",2023-12,256.2380676269531,259.3325500488281,6200925.0,0.3832586096774037,0.012076591314215346
CRM,"Salesforce, Inc.",2024-01,252.4240264892578,277.0228576660156,5497866.666666667,0.23838130286857367,0.09745043496406103
CRM,"Salesforce, Inc.",2024-02,279.6935729980469,304.3515930175781,5820985.0,0.22779144169868823,0.08816083886097537
CRM,"Salesforce, Inc.",2024-03,312.29498291015625,297.2099304199219,5994170.0,0.30788594878553266,-0.04830385794117664
CRM,"Salesforce, Inc.",2024-04,298.2756652832031,265.3948669433594,5263595.454545454,0.28195238391832755,-0.11023627525438418
CRM,"Salesforce, Inc.",2024-05,265.148193359375,231.3496551513672,9017609.090909092,0.293210880486113,-0.12747036960647196
CRM,"Salesforce, Inc.",2024-06,233.50091552734375,253.71096801757812,10521100.0,0.7756416534093011,0.0865523479622834
CRM,"Salesforce, Inc.",2024-07,252.83267211914065,255.7860870361328,5556068.181818182,0.2792080654075982,0.011681302468695254
CRM,"Salesforce, Inc.",2024-08,250.1129150390625,249.95477294921875,5736318.181818182,0.29315160831396736,-0.0006322827824346566
CRM,"Salesforce, Inc.",2024-09,245.17117309570312,270.9471130371094,5938455.0,0.22954026484823453,0.1051344642844474
CRM,"Salesforce, Inc.",2024-10,268.1357727050781,288.4288635253906,4047243.4782608696,0.24316253123908418,0.07568214645732052
CRM,"Salesforce, Inc.",2024-11,291.7450866699219,326.65899658203125,6325545.0,0.29033641152430073,0.1196726577665066
CRM,"Salesforce, Inc.",2024-12,327.66876220703125,331.3328552246094,7359790.476190476,0.4771403161667056,0.011182307989624718
CRM,"Salesforce, Inc.",2025-01,327.69573974609375,338.6368408203125,6314240.0,0.23819875179426267,0.033387986925604185
CRM,"Salesforce, Inc.",2025-02,336.1988220214844,295.1799011230469,7389584.2105263155,0.31167321322535124,-0.12200792570241736
CRM,"Salesforce, Inc.",2025-03,290.43280029296875,265.9542541503906,6967300.0,0.3070889916202449,-0.08428299461316302
CRM,"Salesforce, Inc.",2025-04,267.77777099609375,266.71954345703125,7172823.80952381,0.47858680699642325,-0.003951887175421831
CRM,"Salesforce, Inc.",2025-05,267.3349609375,263.404296875,7431619.047619048,0.3593910021094383,-0.014703142636921851
CRM,"Salesforce, Inc.",2025-06,259.6820373535156,271.0992736816406,8686570.0,0.275495001063639,0.04396621516251531
CRM,"Salesforce, Inc.",2025-07,270.3238220214844,256.8230285644531,5852272.7272727275,0.2146481849133778,-0.04994304000317906
CRM,"Salesforce, Inc.",2025-08,249.27732849121097,254.75518798828125,8201052.380952381,0.26435084247984453,0.021974960700300583
CRM,"Salesforce, Inc.",2025-09,251.3849639892578,236.02777099609375,10496590.476190476,0.3159566274965308,-0.0610903402870997
CRM,"Salesforce, Inc.",2025-10,234.72314453125,259.34173583984375,9200934.782608695,0.32348686944906047,0.10488352717733873
CRM,"Salesforce, Inc.",2025-11,260.2679138183594,229.59425354003903,6972900.0,0.3419110609083048,-0.1178541750625759
CRM,"Salesforce, Inc.",2025-12,231.8748779296875,264.2491149902344,8196286.363636363,0.3126809417758381,0.1396194247069915
CRM,"Salesforce, Inc.",2026-01,252.98727416992188,211.7603759765625,9623900.0,0.3332943107441847,-0.1629603636334247
CRM,"Salesforce, Inc.",2026-02,210.28407287597656,194.30404663085935,15799142.105263159,0.44522304830934323,-0.07599256580189062
CRM,"Salesforce, Inc.",2026-03,192.4686279296875,186.2042999267578,13146100.0,0.41423612523504433,-0.032547267938222935
CRM,"Salesforce, Inc.",2026-04,185.77537536621097,176.52999877929688,13709614.285714285,0.4244548589605111,-0.04976642662510611
CRM,"Salesforce, Inc.",2026-05,183.82000732421875,179.4199981689453,12232153.846153846,0.49157168740537177,-0.023936508431929182
MSFT,Microsoft Corporation,2023-01,233.4528045654297,241.47232055664065,33308405.0,,0.034351765471994256
MSFT,Microsoft Corporation,2023-02,246.28598022460935,243.64988708496097,32394789.47368421,0.3391842288150164,-0.01070338286103134
MSFT,Microsoft Corporation,2023-03,240.57275390625,281.6304016113281,32505869.56521739,0.27084228243270725,0.17066624145258813
MSFT,Microsoft Corporation,2023-04,280.585205078125,300.1518859863281,29027368.42105263,0.25842949881340055,0.06973525529528568
MSFT,Microsoft Corporation,2023-05,298.4911193847656,321.4942626953125,27311677.272727273,0.29701204585477514,0.07706474939006469
MSFT,Microsoft Corporation,2023-06,325.5962829589844,333.3891296386719,26081057.14285714,0.24082650365802238,0.023934077529592646
MSFT,Microsoft Corporation,2023-07,330.8926696777344,328.8661193847656,33337340.0,0.2456411577072784,-0.006124494371369638
MSFT,Microsoft Corporation,2023-08,329.27734375,321.556884765625,20846791.304347824,0.23997804399308756,-0.023446675366273206
MSFT,Microsoft Corporation,2023-09,322.4398498535156,309.7742004394531,20837115.0,0.1824739188843249,-0.039280657833752564
MSFT,Microsoft Corporation,2023-10,315.7096252441406,331.7109375,24588645.454545453,0.22328914587935697,0.05068363767333817
MSFT,Microsoft Corporation,2023-11,339.52032470703125,372.4933471679687,26852095.23809524,0.23049746585054093,0.09711649071197592
MSFT,Microsoft Corporation,2023-12,368.1678161621094,369.67193603515625,26104085.0,0.17428678311028734,0.004085419221935949
MSFT,Microsoft Corporation,2024-01,364.5894470214844,390.8471374511719,25166247.61904762,0.13858985784974148,0.07201988605045995
MSFT,Microsoft Corporation,2024-02,396.942138671875,407.38714599609375,22204560.0,0.2012655197300139,0.0263136772507111
MSFT,Microsoft Corporation,2024-03,409.2190551757813,414.3600769042969,21322265.0,0.21080380013653827,0.012563006691629353
MSFT,Microsoft Corporation,2024-04,418.15191650390625,383.4446105957031,20049263.636363637,0.17844952945756032,-0.08300166647180462
MSFT,Microsoft Corporation,2024-05,388.96978759765625,409.5920715332031,18808181.818181816,0.22273262337775887,0.053017701099392855
MSFT,Microsoft Corporation,2024-06,408.0035705566406,440.9876098632813,17985110.52631579,0.17549020035532675,0.08084252611230935
MSFT,Microsoft Corporation,2024-07,450.63714599609375,412.7691345214844,20020418.181818184,0.18280761814596122,-0.08403215716029233
MSFT,Microsoft Corporation,2024-08,411.5456237792969,412.3171081542969,20541772.727272727,0.22635933339143133,0.001874602305123041
MSFT,Microsoft Corporation,2024-09,404.7060852050781,425.324951171875,18844905.0,0.1785156104845864,0.050947753741702684
MSFT,Microsoft Corporation,2024-10,415.8260498046875,401.65185546875,19162847.826086957,0.16203152322559672,-0.03408683593198425
MSFT,Microsoft Corporation,2024-11,405.6253662109375,419.4018249511719,22115310.0,0.2682414799567264,0.033963503981331966
MSFT,Microsoft Corporation,2024-12,426.8497924804687,417.4605712890625,20947733.333333332,0.18545972083416293,-0.021996546224948288
MSFT,Microsoft Corporation,2025-01,414.5686340332031,411.0823364257813,23125060.0,0.22076251057770765,-0.008409458220475452
MSFT,Microsoft Corporation,2025-02,406.9820556640625,393.9739074707031,22760468.42105263,0.29922504514446985,-0.03196246127396041
MSFT,Microsoft Corporation,2025-03,385.5384521484375,372.53802490234375,23418409.523809522,0.2339557129357095,-0.03372018322335435
MSFT,Microsoft Corporation,2025-04,379.2863464355469,392.2570495605469,26816385.714285713,0.4055408187955133,0.034197653690663854
MSFT,Microsoft Corporation,2025-05,422.1680603027344,457.701171875,22711542.85714286,0.3649552123119984,0.08416816645670688
MSFT,Microsoft Corporation,2025-06,459.3018798828125,494.53717041015625,20062755.0,0.12810420749605095,0.07671488419845729
MSFT,Microsoft Corporation,2025-07,489.2080993652344,530.4187622070312,18040086.363636363,0.12280138920014914,0.0842395350675289
MSFT,Microsoft Corporation,2025-08,521.0829467773438,504.59173583984375,21661357.14285714,0.20265680956607918,-0.03164795746913329
MSFT,Microsoft Corporation,2025-09,503.0282287597656,515.8051147460938,20191690.476190478,0.14836811628806168,0.02539993832519105
MSFT,Microsoft Corporation,2025-10,517.557861328125,515.6656494140625,20367260.86956522,0.1541574653370386,-0.003656039363805319
MSFT,Microsoft Corporation,2025-11,514.888916015625,490.88958740234375,25235826.315789472,0.20459553591790133,-0.04661069187310485
MSFT,Microsoft Corporation,2025-12,485.6315612792969,482.5186767578125,22570840.90909091,0.2102185142237908,-0.006409971611573417
MSFT,Microsoft Corporation,2026-01,471.8630065917969,429.31011962890625,34203130.0,0.20251649141169398,-0.09018059557210134
MSFT,Microsoft Corporation,2026-02,422.4058837890625,392.739990234375,42118805.2631579,0.45607228575463116,-0.07023077730020877
MSFT,Microsoft Corporation,2026-03,398.5499877929687,370.1700134277344,33876745.45454545,0.2408306695183815,-0.07120806733025575
MSFT,Microsoft Corporation,2026-04,369.3699951171875,407.7799987792969,34119957.14285714,0.27519209530078187,0.10398788252934099
MSFT,Microsoft Corporation,2026-05,414.44000244140625,417.4200134277344,33161738.46153846,0.32025036074914986,0.007190452101084155
NVDA,NVIDIA Corporation,2023-01,14.29991054534912,19.516407012939453,472748000.0,,0.36479224475197425
NVDA,NVIDIA Corporation,2023-02,20.92092514038086,23.1915283203125,547025210.5263158,0.6164436503726133,0.10853263728519336
NVDA,NVIDIA Corporation,2023-03,22.674074172973633,27.752431869506836,489727434.7826087,0.5673083562475485,0.22397199805345758
NVDA,NVIDIA Corporation,2023-04,27.940263748168945,27.724458694458008,391392105.2631579,0.2901678425222967,-0.007723801595290292
NVDA,NVIDIA Corporation,2023-05,28.884431838989254,37.800533294677734,531719045.45454544,0.45022840544595827,0.30868190537344065
NVDA,NVIDIA Corporation,2023-06,39.73482131958008,42.26895904541016,501288095.2380952,0.8254900460461827,0.06377624566242468
NVDA,NVIDIA Corporation,2023-07,42.37986373901367,46.6924934387207,435342250.0,0.3569355946099796,0.10176129225580666
NVDA,NVIDIA Corporation,2023-08,46.47067642211914,49.31645202636719,592702260.8695652,0.43939258719099905,0.061238092994349236
NVDA,NVIDIA Corporation,2023-09,48.47110366821289,43.468605041503906,428963650.0,0.3965846971625876,-0.10320579165994104
NVDA,NVIDIA Corporation,2023-10,44.75070571899414,40.751502990722656,460959136.3636364,0.3442635465748319,-0.0893662494036167
NVDA,NVIDIA Corporation,2023-11,42.29542922973633,46.73732376098633,435458000.0,0.37077135127987126,0.10502067509760771
NVDA,NVIDIA Corporation,2023-12,46.732322692871094,49.49174499511719,370594350.0,0.2943393837580254,0.059047403236968554
NVDA,NVIDIA Corporation,2024-01,48.13856887817383,61.489410400390625,462201761.9047619,0.31699622578549347,0.2773418868351549
NVDA,NVIDIA Corporation,2024-02,62.988494873046875,79.06367492675781,553067800.0,0.44275646912283373,0.25520819454585175
NVDA,NVIDIA Corporation,2024-03,82.22872924804688,90.3050308227539,607460900.0,0.6424201362864849,0.09821751653664124
NVDA,NVIDIA Corporation,2024-04,90.31202697753906,86.35327911376953,457833363.6363636,0.447135347352056,-0.0438341159672353
NVDA,NVIDIA Corporation,2024-05,82.99414825439453,109.57115936279295,438417000.0,0.5480470677697625,0.32022753010169214
NVDA,NVIDIA Corporation,2024-06,114.93512725830078,123.48046875,390746142.1052632,0.5177417100164626,0.07434925853864272
NVDA,NVIDIA Corporation,2024-07,124.24010467529295,116.96359252929688,291156300.0,0.5420055914797571,-0.058568142428836234
NVDA,NVIDIA Corporation,2024-08,109.15736389160156,119.3124771118164,368425809.09090906,0.7891699721365306,0.09303186572276845
NVDA,NVIDIA Corporation,2024-09,107.94795989990234,121.39187622070312,313558160.0,0.6327959524799986,0.12454071696460978
NVDA,NVIDIA Corporation,2024-10,116.95361328125,132.70736694335938,244692052.17391303,0.3946493881557041,0.13470087173984746
NVDA,NVIDIA Corporation,2024-11,135.34632873535156,138.19520568847656,224870730.0,0.3836840873097656,0.021048793711246683
NVDA,NVIDIA Corporation,2024-12,138.57504272460938,134.2460174560547,194564533.33333334,0.3622043247806019,-0.031239573760462602
NVDA,NVIDIA Corporation,2025-01,138.2646942138672,120.03067016601562,297420040.0,0.5313379556111837,-0.1318776579337546
NVDA,NVIDIA Corporation,2025-02,116.62179565429688,124.87908172607422,250275284.21052632,0.7602978649012024,0.07080396957919
NVDA,NVIDIA Corporation,2025-03,114.02263641357422,108.35446166992188,294188109.52380955,0.64272681782711,-0.04971096022629373
NVDA,NVIDIA Corporation,2025-04,110.1240463256836,108.8943328857422,324333638.0952381,0.8143253936079398,-0.011166620560822849
NVDA,NVIDIA Corporation,2025-05,111.58370208740234,135.09817504882812,226514466.66666666,0.5251570387628258,0.21073393803520823
NVDA,NVIDIA Corporation,2025-06,137.34764099121094,157.96376037597656,191064840.0,0.311974659870237,0.15010173626560408
NVDA,NVIDIA Corporation,2025-07,153.2745361328125,177.84043884277344,163491109.0909091,0.26859491038021155,0.16027386759581885
NVDA,NVIDIA Corporation,2025-08,173.69113159179688,174.1510467529297,171851961.9047619,0.25652983990161404,0.002647890867644831
NVDA,NVIDIA Corporation,2025-09,170.75161743164062,186.55950927734375,185261680.95238096,0.2846887282452058,0.09257828466562978
NVDA,NVIDIA Corporation,2025-10,187.21945190429688,202.4677734375,175261626.08695653,0.33921564691459816,0.08144624598622263
NVDA,NVIDIA Corporation,2025-11,206.85728454589844,176.98056030273438,218955173.68421054,0.43579021679215724,-0.14443157904132153
NVDA,NVIDIA Corporation,2025-12,179.90025329589844,186.4899139404297,164986077.27272728,0.339319452998581,0.03662952399345776
NVDA,NVIDIA Corporation,2026-01,188.83978271484375,191.11965942382812,164611430.0,0.2772883794414388,0.012073074201886191
NVDA,NVIDIA Corporation,2026-02,185.59996032714844,177.180419921875,197128684.21052632,0.39489802855251643,-0.045363912742398815
NVDA,NVIDIA Corporation,2026-03,182.4701232910156,174.39999389648438,183052309.0909091,0.37735591303543914,-0.04422712742765256
NVDA,NVIDIA Corporation,2026-04,175.75,199.57000732421875,149026128.57142857,0.3415017673516636,0.13553346983908243
NVDA,NVIDIA Corporation,2026-05,198.4499969482422,220.61000061035156,152290092.30769232,0.39597301153187625,0.11166542707425142
ORCL,Oracle Corporation,2023-01,80.17582702636719,85.03282928466797,6785150.0,,0.06057938456566814
ORCL,Oracle Corporation,2023-02,86.56123352050781,84.01388549804688,6454663.157894737,0.19660489453178046,-0.029428277750425447
ORCL,Oracle Corporation,2023-03,82.99494934082031,89.3200454711914,8251404.347826087,0.22782612134151337,0.07621061499052151
ORCL,Oracle Corporation,2023-04,90.28128051757812,91.43157196044922,6864210.52631579,0.18656527859495392,0.012741195475701295
ORCL,Oracle Corporation,2023-05,91.57636260986328,102.2620620727539,7993595.454545454,0.17603541441611772,0.11668621856509209
ORCL,Oracle Corporation,2023-06,102.31031036376952,114.9555206298828,15636980.952380951,0.3437146934880425,0.12359663675295862
ORCL,Oracle Corporation,2023-07,113.0828857421875,113.5572280883789,7814150.0,0.2587270703488799,0.0041946430980974725
ORCL,Oracle Corporation,2023-08,114.2159194946289,116.61820220947266,7378213.043478261,0.21821907823241132,0.021032818590202895
ORCL,Oracle Corporation,2023-09,117.14128875732422,102.60154724121094,15426305.0,0.46662092958821244,-0.12412140646868364
ORCL,Oracle Corporation,2023-10,103.36681365966795,100.52703094482422,7484936.363636363,0.3313380901897257,-0.027472866912524152
ORCL,Oracle Corporation,2023-11,102.8117218017578,112.9811019897461,6475371.428571428,0.2414879003027019,0.0989126532439264
ORCL,Oracle Corporation,2023-12,113.90470123291016,102.50062561035156,13496550.0,0.38139535434256233,-0.10011944633645764
ORCL,Oracle Corporation,2024-01,101.16868591308594,109.01720428466795,8149385.714285715,0.2924874813690672,0.0775785343137172
ORCL,Oracle Corporation,2024-02,112.75521087646484,108.99769592285156,7384840.0,0.2203989146882936,-0.03332453484327236
ORCL,Oracle Corporation,2024-03,111.04725646972656,122.59310913085938,12166075.0,0.38282997858705076,0.10397242604800794
ORCL,Oracle Corporation,2024-04,122.46624755859376,111.3762435913086,6172440.909090909,0.25789511595306647,-0.09055559542623515
ORCL,Oracle Corporation,2024-05,112.23787689208984,114.74444580078124,6600731.818181818,0.20631164660140502,0.02233264721410677
ORCL,Oracle Corporation,2024-06,116.79083251953124,138.25340270996094,12525184.210526315,0.44441226194992156,0.1837693055817584
ORCL,Oracle Corporation,2024-07,140.10398864746094,136.9254150390625,6867990.909090909,0.3231821535499881,-0.022687245660054534
ORCL,Oracle Corporation,2024-08,135.02053833007812,138.73211669921875,5452900.0,0.29142222331515044,0.027488991045696354
ORCL,Oracle Corporation,2024-09,136.97451782226562,167.3151092529297,13354345.0,0.3833330590139321,0.22150537131317516
ORCL,Oracle Corporation,2024-10,164.13375854492188,165.17202758789062,5842756.521739131,0.2736175199191996,0.0063257495116983975
ORCL,Oracle Corporation,2024-11,167.3173828125,181.90179443359375,7524945.0,0.28542954135037835,0.08716614721040306
ORCL,Oracle Corporation,2024-12,178.5263214111328,163.99111938476562,9354380.952380951,0.3441103511994805,-0.08141769746598715
ORCL,Oracle Corporation,2025-01,163.3907928466797,167.76808166503906,14927470.0,0.40483680360676705,0.026790302819981182
ORCL,Oracle Corporation,2025-02,166.32777404785156,163.82200622558594,8417626.315789474,0.6095256479871141,-0.015065239925261875
ORCL,Oracle Corporation,2025-03,159.83645629882812,137.92578125,12342442.857142856,0.4663913952783873,-0.1370818369988397
ORCL,Oracle Corporation,2025-04,140.02708435058594,139.3221893310547,10638809.523809524,0.6002345161926088,-0.005033990551187917
ORCL,Oracle Corporation,2025-05,144.04483032226562,163.88575744628906,8269052.380952381,0.4080018626319515,0.13774133427512902
ORCL,Oracle Corporation,2025-06,164.91542053222656,216.45831298828125,17972995.0,0.4450905852251964,0.31254137599571874
ORCL,Oracle Corporation,2025-07,216.78500366210935,251.7831268310547,12263190.909090908,0.4426957529457896,0.16144162454841648
ORCL,Oracle Corporation,2025-08,242.50631713867188,224.35952758789065,10400190.476190476,0.3185843980949408,-0.07483017252867841
ORCL,Oracle Corporation,2025-09,223.53602600097656,279.03802490234375,36757714.28571428,1.0941708717415064,0.2482910692038729
ORCL,Oracle Corporation,2025-10,286.7471923828125,261.00604248046875,21009965.217391305,0.6913194088655599,-0.08976949238261023
ORCL,Oracle Corporation,2025-11,256.275146484375,200.7165374755859,23532189.47368421,0.45529454831168326,-0.21679280948992252
ORCL,Oracle Corporation,2025-12,199.7127227783203,193.71954345703125,31406777.272727273,0.5504947178147239,-0.030009001118779244
ORCL,Oracle Corporation,2026-01,194.51467895507812,164.00718688964844,23500595.0,0.47216470673553507,-0.15683902227489577
ORCL,Oracle Corporation,2026-02,159.50291442871094,144.89393615722656,30457036.842105262,0.591703771907265,-0.09159066668975369
ORCL,Oracle Corporation,2026-03,148.7305450439453,146.59799194335938,28231768.181818184,0.5264710163165192,-0.014338366742055797
ORCL,Oracle Corporation,2026-04,144.7245330810547,161.38999938964844,31024457.14285714,0.5891040818933984,0.11515301486072205
ORCL,Oracle Corporation,2026-05,171.8300018310547,181.4600067138672,22530315.384615384,0.5986105678921969,0.056043792004849324
